Question,Answer
How can I improve our social media engagement?,"Post consistently, use hashtags, interact with followers, and run targeted campaigns."
What is the best time to send marketing emails?,"Typically, mid-week mornings (Tuesday to Thursday, 10 AMâ€“11 AM) have higher open rates."
How do I measure ROI on marketing campaigns?,"Track key metrics like conversion rate, customer acquisition cost, and revenue generated versus spend."
What is content marketing?,"Content marketing is creating and sharing valuable content to attract and retain a target audience."
How do I grow our email subscriber list?,"Use lead magnets like free ebooks, webinars, or discounts to encourage sign-ups."
What are marketing automation tools?,"Tools like HubSpot, Marketo, and Mailchimp help automate email campaigns, social media posts, and lead nurturing."
How do I improve website traffic?,"Use SEO, content marketing, social media promotion, and paid ads to drive more visitors.
What is a marketing funnel?,A marketing funnel illustrates the journey from awareness to conversion and retention.
How do I run a successful influencer campaign?,Identify relevant influencers, define clear goals, negotiate terms, and track campaign performance."
What is the difference between B2B and B2C marketing?,"B2B targets businesses with personalized, solution-oriented campaigns, while B2C targets individual consumers with emotional or entertainment-driven campaigns."
How can I increase brand awareness?,"Run social media campaigns, content marketing, influencer partnerships, PR activities, and community engagement."
What is SEO and why is it important?,"SEO (Search Engine Optimization) improves website visibility in search engines, driving organic traffic and potential leads."
What are key marketing KPIs?,"Common KPIs include website traffic, conversion rate, customer acquisition cost, retention rate, and social media engagement."
How can I use AI in marketing?,"AI can optimize campaigns, personalize content, predict customer behavior, and automate repetitive tasks."